jogo,Date,HomeTeam,AwayTeam,FTHG,FTHGb,FTAG,FTAGb,HS,HSb,AS,ASb,HST,HSTb,AST,ASTb,FTR,OddH,OddLayH,OddO2.5,OddU2.5,TotalGols
1,12/09/2020,Fulham,Arsenal,0,0,3,3,5,5,13,13,2,2,6,6,A,6,1.2,1.76,2.1,3
2,12/09/2020,Crystal Palace,Southampton,1,1,0,0,5,5,9,9,3,3,5,5,H,3.1,1.48,2.24,1.67,1
3,12/09/2020,Liverpool,Leeds,4,4,3,3,22,22,6,6,6,6,3,3,H,1.28,4.57,1.52,2.53,7
4,12/09/2020,West Ham,Newcastle,0,0,2,2,15,15,15,15,3,3,2,2,A,2.15,1.87,1.97,1.86,2
5,13/09/2020,West Brom,Leicester,0,0,3,3,7,7,13,13,1,1,7,7,A,3.8,1.36,1.92,1.9,3
6,13/09/2020,Tottenham,Everton,0,0,1,1,9,9,15,15,5,5,4,4,A,1.83,2.2,1.94,1.88,1
7,14/09/2020,Brighton,Chelsea,1,1,3,3,13,13,10,10,3,3,5,5,A,5,1.25,1.76,2.08,4
8,14/09/2020,Sheffield United,Wolves,0,0,2,2,9,9,11,11,2,2,4,4,A,3.25,1.44,2.68,1.48,2
9,19/09/2020,Everton,West Brom,5,5,2,2,17,17,6,6,7,7,4,4,H,1.5,3,1.81,2.03,7
10,19/09/2020,Leeds,Fulham,4,4,3,3,10,10,14,14,7,7,6,6,H,1.61,2.64,1.93,1.91,7
11,19/09/2020,Man United,Crystal Palace,1,1,3,3,13,13,14,14,4,4,5,5,A,1.3,4.33,1.66,2.24,4
12,19/09/2020,Arsenal,West Ham,2,2,1,1,7,7,14,14,3,3,3,3,H,1.53,2.89,1.64,2.3,3
13,20/09/2020,Southampton,Tottenham,2,2,5,5,14,14,9,9,7,7,6,6,A,3,1.5,1.97,1.87,7
14,20/09/2020,Newcastle,Brighton,0,0,3,3,6,6,13,13,0,0,6,6,A,2.6,1.62,2.38,1.59,3
15,20/09/2020,Chelsea,Liverpool,0,0,2,2,5,5,18,18,3,3,6,6,A,3.1,1.48,1.61,2.35,2
16,20/09/2020,Leicester,Burnley,4,4,2,2,14,14,16,16,6,6,5,5,H,1.61,2.64,1.95,1.88,6
17,21/09/2020,Aston Villa,Sheffield United,1,1,0,0,18,18,4,4,2,2,1,1,H,2.7,1.59,2.25,1.66,1
18,21/09/2020,Wolves,Man City,1,1,3,3,10,10,14,14,1,1,9,9,A,6.5,1.18,1.7,2.18,4
19,26/09/2020,Brighton,Man United,2,2,3,3,18,18,7,7,5,5,3,3,A,4.75,1.27,1.86,1.97,5
20,26/09/2020,Crystal Palace,Everton,1,1,2,2,8,8,10,10,1,1,5,5,A,3.75,1.36,2.16,1.71,3
21,26/09/2020,West Brom,Chelsea,3,3,3,3,9,9,22,22,3,3,10,10,D,9,1.12,1.64,2.28,6
22,26/09/2020,Burnley,Southampton,0,0,1,1,10,10,5,5,2,2,1,1,A,3.2,1.45,2.09,1.75,1
23,27/09/2020,Sheffield United,Leeds,0,0,1,1,14,14,17,17,4,4,9,9,A,2.7,1.59,2,1.83,1
24,27/09/2020,Tottenham,Newcastle,1,1,1,1,23,23,6,6,12,12,1,1,D,1.45,3.22,1.75,2.1,2
25,27/09/2020,Man City,Leicester,2,2,5,5,16,16,7,7,5,5,7,7,A,1.28,4.57,1.41,2.9,7
26,27/09/2020,West Ham,Wolves,4,4,0,0,15,15,11,11,7,7,2,2,H,3.6,1.38,2.13,1.73,4
27,28/09/2020,Fulham,Aston Villa,0,0,3,3,16,16,12,12,3,3,5,5,A,2.9,1.53,2.07,1.76,3
28,28/09/2020,Liverpool,Arsenal,3,3,1,1,21,21,4,4,8,8,3,3,H,1.45,3.22,1.54,2.48,4
29,03/10/2020,Chelsea,Crystal Palace,4,4,0,0,17,17,4,4,6,6,0,0,H,1.4,3.5,1.62,2.33,4
30,03/10/2020,Everton,Brighton,4,4,2,2,11,11,11,11,6,6,3,3,H,1.72,2.39,1.83,2,6
31,03/10/2020,Leeds,Man City,1,1,1,1,12,12,23,23,7,7,2,2,D,7.5,1.15,1.37,3.11,2
32,03/10/2020,Newcastle,Burnley,3,3,1,1,10,10,7,7,5,5,3,3,H,2.4,1.71,2.31,1.62,4
33,04/10/2020,Leicester,West Ham,0,0,3,3,4,4,14,14,0,0,6,6,A,1.61,2.64,1.66,2.23,3
34,04/10/2020,Southampton,West Brom,2,2,0,0,13,13,5,5,7,7,2,2,H,1.72,2.39,1.8,2.02,2
35,04/10/2020,Arsenal,Sheffield United,2,2,1,1,6,6,6,6,5,5,2,2,H,1.57,2.75,1.93,1.89,3
36,04/10/2020,Wolves,Fulham,1,1,0,0,14,14,10,10,5,5,2,2,H,1.5,3,2.12,1.73,1
37,04/10/2020,Man United,Tottenham,1,1,6,6,5,5,22,22,2,2,8,8,A,1.85,2.18,1.79,2.04,7
38,04/10/2020,Aston Villa,Liverpool,7,7,2,2,18,18,14,14,11,11,8,8,H,10,1.11,1.53,2.5,9
39,17/10/2020,Everton,Liverpool,2,2,2,2,11,11,22,22,5,5,8,8,D,3.75,1.36,1.53,2.53,4
40,17/10/2020,Chelsea,Southampton,3,3,3,3,11,11,13,13,5,5,6,6,D,1.45,3.22,1.58,2.4,6
41,17/10/2020,Man City,Arsenal,1,1,0,0,13,13,11,11,5,5,3,3,H,1.44,3.27,1.43,2.8,1
42,17/10/2020,Newcastle,Man United,1,1,4,4,7,7,28,28,4,4,14,14,A,4.75,1.27,1.74,2.11,5
43,18/10/2020,Sheffield United,Fulham,1,1,1,1,10,10,15,15,6,6,6,6,D,2.1,1.91,2.25,1.65,2
44,18/10/2020,Crystal Palace,Brighton,1,1,1,1,1,1,20,20,1,1,3,3,D,2.62,1.62,2.19,1.69,2
45,18/10/2020,Tottenham,West Ham,3,3,3,3,11,11,13,13,6,6,4,4,D,1.57,2.75,1.59,2.37,6
46,18/10/2020,Leicester,Aston Villa,0,0,1,1,11,11,10,10,5,5,4,4,A,1.83,2.2,1.63,2.3,1
47,19/10/2020,West Brom,Burnley,0,0,0,0,13,13,9,9,6,6,4,4,D,2.45,1.69,2.12,1.73,0
48,19/10/2020,Leeds,Wolves,0,0,1,1,13,13,7,7,2,2,3,3,A,2.5,1.67,2.13,1.72,1
49,23/10/2020,Aston Villa,Leeds,0,0,3,3,12,12,27,27,4,4,9,9,A,2.05,1.95,1.61,2.36,3
50,24/10/2020,West Ham,Man City,1,1,1,1,6,6,14,14,2,2,7,7,D,8,1.14,1.42,2.89,2
51,24/10/2020,Fulham,Crystal Palace,1,1,2,2,16,16,14,14,3,3,10,10,A,2.75,1.57,2.27,1.65,3
52,24/10/2020,Man United,Chelsea,0,0,0,0,14,14,6,6,4,4,1,1,D,2.37,1.73,1.62,2.32,0
53,24/10/2020,Liverpool,Sheffield United,2,2,1,1,17,17,13,13,5,5,2,2,H,1.22,5.55,1.49,2.61,3
54,25/10/2020,Southampton,Everton,2,2,0,0,12,12,6,6,6,6,2,2,H,2.75,1.57,1.79,2.05,2
55,25/10/2020,Wolves,Newcastle,1,1,1,1,16,16,5,5,3,3,2,2,D,1.75,2.33,2.25,1.66,2
56,25/10/2020,Arsenal,Leicester,0,0,1,1,12,12,6,6,4,4,2,2,A,1.9,2.11,1.74,2.12,1
57,26/10/2020,Brighton,West Brom,1,1,1,1,5,5,9,9,3,3,3,3,D,1.7,2.43,1.83,2,2
58,26/10/2020,Burnley,Tottenham,0,0,1,1,13,13,9,9,4,4,3,3,A,5.75,1.21,1.84,1.98,1
59,30/10/2020,Wolves,Crystal Palace,2,1.5,0,1,15,15.5,11,12.5,5,4,2,6,H,2,2,2.67,1.48,2
60,31/10/2020,Sheffield United,Man City,0,0,1,1,5,5,16,15,1,1,8,7.5,A,9.5,1.12,1.51,2.58,1
61,31/10/2020,Burnley,Chelsea,0,0,3,1.5,5,9,14,10,0,2,9,5,A,6,1.2,1.66,2.23,3
62,31/10/2020,Liverpool,West Ham,2,2,1,1,9,13,4,4,5,5,3,3,H,1.36,3.78,1.4,2.95,3
63,01/11/2020,Aston Villa,Southampton,3,3,4,4,19,19,9,9,10,10,4,4,A,2.45,1.69,1.65,2.27,7
64,01/11/2020,Newcastle,Everton,2,2,1,0.5,11,11,15,10.5,4,4,4,3,H,3.7,1.37,1.82,2.01,3
65,01/11/2020,Man United,Arsenal,0,0,1,1,8,11,7,7,2,3,2,2,A,2,2,1.74,2.12,1
66,01/11/2020,Tottenham,Brighton,2,2,1,1,9,9,6,6,3,3,2,2,H,1.61,2.64,1.65,2.26,3
67,02/11/2020,Fulham,West Brom,2,1.5,0,0.5,13,14.5,10,9.5,6,4.5,1,2,H,2.4,1.71,2.06,1.78,2
68,02/11/2020,Leeds,Leicester,1,1,4,2.5,11,11,10,8,4,4,8,5,A,2.5,1.67,1.75,2.1,5
69,06/11/2020,Brighton,Burnley,0,0.5,0,0,19,12,4,4,3,3,1,1,D,1.85,2.18,2.11,1.74,0
70,06/11/2020,Southampton,Newcastle,2,2,0,0.5,15,13.5,4,4.5,8,7,2,2,H,2,2,1.83,2,2
71,07/11/2020,Everton,Man United,1,1,3,3,7,7,13,13,1,1,5,5,A,2.9,1.53,1.76,2.08,4
72,07/11/2020,Crystal Palace,Leeds,4,4,1,1,10,10,9,9,6,6,3,3,H,2.87,1.53,1.94,1.88,5
73,07/11/2020,Chelsea,Sheffield United,4,4,1,1,20,20,6,9.5,9,9,3,2.5,H,1.36,3.78,1.69,2.19,5
74,07/11/2020,West Ham,Fulham,1,1,0,0,16,11,13,13,7,4.5,3,3,H,1.83,2.2,1.82,2,1
75,08/11/2020,West Brom,Tottenham,0,0,1,1,12,12,19,14,2,2,5,4,A,7,1.17,1.7,2.17,1
76,08/11/2020,Leicester,Wolves,1,1,0,0,10,10,7,7,3,3,2,2,H,2.3,1.77,2.34,1.6,1
77,08/11/2020,Man City,Liverpool,1,1,1,1,7,7,10,10,2,2,3,3,D,1.95,2.05,1.44,2.79,2
78,08/11/2020,Arsenal,Aston Villa,0,0,3,3,13,12.5,15,15,2,3,6,6,A,1.65,2.54,1.68,2.22,3
79,21/11/2020,Newcastle,Chelsea,0,1,2,1.67,8,9.5,14,11.33,1,2.5,3,4.33,A,6.5,1.18,1.66,2.24,2
80,21/11/2020,Aston Villa,Brighton,1,2,2,1.5,15,17,7,6.5,4,7,3,2.5,A,2.15,1.87,1.75,2.09,3
81,21/11/2020,Tottenham,Man City,2,2,0,0.67,4,6.5,22,17.33,2,2.5,5,6.67,H,4,1.33,1.6,2.37,2
82,21/11/2020,Man United,West Brom,1,0.33,0,0.33,17,13,7,8.67,7,4.33,2,2,H,1.3,4.33,1.64,2.28,1
83,22/11/2020,Fulham,Everton,2,1.67,3,1.33,14,14.33,9,10,6,5,7,4.33,A,3.9,1.34,1.75,2.1,5
84,22/11/2020,Sheffield United,West Ham,0,0,1,1,9,7,15,9.5,5,3,3,3,A,3,1.5,2.11,1.74,1
85,22/11/2020,Leeds,Arsenal,0,0.5,0,0.5,25,18,9,8,4,4,2,2,D,3,1.5,1.66,2.24,0
86,22/11/2020,Liverpool,Leicester,3,2.33,0,1.67,24,16.67,11,9,13,7.67,4,4.67,H,1.85,2.18,1.59,2.39,3
87,23/11/2020,Burnley,Crystal Palace,1,0.33,0,0.67,10,9.33,15,13.33,4,2.67,5,5.67,H,2.75,1.57,2.44,1.56,1
88,23/11/2020,Wolves,Southampton,1,1.33,1,2.5,20,17,7,8,9,5.67,2,3,D,2.3,1.77,2.23,1.67,2
89,27/11/2020,Crystal Palace,Newcastle,0,2,2,1,12,11,14,7.67,3,4.5,7,3.67,A,2.05,1.95,2.34,1.61,2
90,28/11/2020,Brighton,Liverpool,1,0.67,1,1,11,11.67,6,8,3,3,2,2.5,D,5.5,1.22,1.58,2.4,2
91,28/11/2020,Man City,Burnley,5,3,0,0,19,13,9,6.5,6,4,1,1,H,1.16,7.25,1.45,2.74,5
92,28/11/2020,Everton,Leeds,0,0.5,1,1,15,11,23,16,8,4.5,7,5,A,1.95,2.05,1.62,2.31,1
93,28/11/2020,West Brom,Sheffield United,1,0.5,0,0.67,17,14.5,21,13.33,6,4,5,3.33,H,2.6,1.62,2.28,1.63,1
94,29/11/2020,Southampton,Man United,2,2,3,3,10,12.33,15,14,5,6.33,6,5.5,A,4,1.33,1.81,2.01,5
95,29/11/2020,Chelsea,Tottenham,0,2,0,0.67,13,16.5,5,11,3,6,1,3,D,2.05,1.95,1.76,2.08,0
96,29/11/2020,Arsenal,Wolves,1,0.33,2,1,13,12.67,11,9,2,2.67,5,3.5,A,2.05,1.95,2.31,1.62,3
97,30/11/2020,Leicester,Fulham,1,1,2,1,16,13,10,11.5,3,3,5,4,A,1.5,3,1.73,2.12,3
98,30/11/2020,West Ham,Aston Villa,2,1.33,1,2,6,9.33,16,15.5,2,3.67,6,6,H,2.25,1.8,1.71,2.15,3
99,05/12/2020,Burnley,Everton,1,0.5,1,1.25,8,9,13,10.75,3,2.75,6,4.75,D,4,1.33,2.01,1.81,2
100,05/12/2020,Man City,Fulham,2,2.67,0,0.67,16,14,6,9.67,6,4.67,1,3,H,1.1,11,1.3,3.48,2
101,05/12/2020,West Ham,Man United,1,1.25,3,3,19,11.75,15,14.33,6,4.25,6,5.67,A,3.6,1.38,1.74,2.11,4
102,05/12/2020,Chelsea,Leeds,3,2.33,1,1,23,18.67,8,13.33,11,7.67,3,4.33,H,1.5,3,1.5,2.59,4
103,06/12/2020,West Brom,Crystal Palace,1,0.67,5,1.75,9,12.67,18,14.5,4,4,6,5.75,A,2.87,1.53,2.21,1.67,6
104,06/12/2020,Sheffield United,Leicester,1,0.33,2,1.75,4,6,13,10,1,2.33,4,4.5,A,3.8,1.36,2.01,1.82,3
105,06/12/2020,Tottenham,Arsenal,2,2,0,0.33,6,6.33,11,9,3,2.67,2,2,H,1.95,2.05,1.92,1.9,2
106,06/12/2020,Liverpool,Wolves,4,2.75,0,0.67,11,15.25,9,9,6,7.25,3,3.33,H,1.5,3,1.75,2.1,4
107,07/12/2020,Brighton,Southampton,1,0.75,2,2.33,12,11.75,10,8.67,4,3.25,3,3,A,2.45,1.69,1.94,1.88,3
108,11/12/2020,Leeds,West Ham,1,0.67,2,1.33,13,16.33,19,12.67,7,5,8,4.67,A,2.15,1.87,1.58,2.4,3
109,12/12/2020,Wolves,Aston Villa,0,1,1,1.67,16,16.75,13,14.67,7,6,2,4.67,A,2.25,1.8,2.05,1.79,1
110,12/12/2020,Newcastle,West Brom,2,1.33,1,0.5,12,10.33,13,9.75,7,4,3,2.25,H,2.45,1.69,2.19,1.69,3
111,12/12/2020,Man United,Man City,0,0.25,0,0.5,11,12.5,9,15.25,2,3.75,2,5.5,D,4.33,1.3,1.65,2.27,0
112,12/12/2020,Everton,Chelsea,1,0.67,0,1.25,9,10.33,10,11,4,4.33,3,4,H,4.33,1.3,1.6,2.34,1
113,13/12/2020,Southampton,Sheffield United,3,2.25,0,0.5,16,13.25,3,10.75,6,6.25,0,2.5,H,1.7,2.43,1.99,1.83,3
114,13/12/2020,Crystal Palace,Tottenham,1,1.67,1,0.75,16,12.67,14,11.75,5,4.67,6,3.75,D,4.5,1.29,1.9,1.91,2
115,13/12/2020,Fulham,Liverpool,1,1.5,1,1,10,13.25,12,9.33,5,5,6,3.67,D,9,1.12,1.42,2.84,2
116,13/12/2020,Arsenal,Burnley,0,0.25,1,0.33,18,14,10,7.67,6,3.5,2,1.33,A,1.53,2.89,1.9,1.92,1
117,13/12/2020,Leicester,Brighton,3,1.67,0,1,15,13.67,12,8.33,6,4,4,3,H,2,2,1.91,1.91,3
118,15/12/2020,Wolves,Chelsea,2,1.2,1,1.2,12,15.8,13,11.4,4,5.6,3,3.8,H,5.25,1.24,2.06,1.78,3
119,15/12/2020,Man City,West Brom,1,2.25,1,0.6,26,17,5,8.8,7,5.25,1,2,D,1.09,12.11,1.35,3.22,2
120,16/12/2020,Arsenal,Southampton,1,0.4,1,2,9,13,13,9.75,4,3.6,3,3,D,2.25,1.8,1.8,2.03,2
121,16/12/2020,Leeds,Newcastle,5,1.75,2,1.25,25,18.5,10,8.25,10,6.25,4,3.75,H,1.75,2.33,1.74,2.1,7
122,16/12/2020,Leicester,Everton,0,1.25,2,1.4,14,13.75,11,10.8,2,3.5,6,5,A,2.15,1.87,1.69,2.17,2
123,16/12/2020,Fulham,Brighton,0,1.2,0,0.75,9,12.4,9,8.5,4,4.8,4,3.25,D,2.87,1.53,2.05,1.77,0
124,16/12/2020,Liverpool,Tottenham,2,2.6,1,0.8,17,15.6,8,11,11,8,2,3.4,H,1.75,2.33,1.66,2.24,3
125,16/12/2020,West Ham,Crystal Palace,1,1.2,1,1.6,9,11.2,8,13.2,2,3.8,2,5,D,2.05,1.95,1.97,1.84,2
126,17/12/2020,Aston Villa,Burnley,0,1.33,0,0.25,27,20.33,6,7.25,7,7,4,2,D,1.75,2.33,1.85,1.96,0
127,17/12/2020,Sheffield United,Man United,2,0.75,3,3,12,7.5,14,14.25,6,3.25,8,6.25,A,7,1.17,1.83,1.99,5
128,19/12/2020,Crystal Palace,Liverpool,0,1.25,7,2.5,5,10.75,14,10.5,3,4.25,8,4.75,A,6.5,1.18,1.62,2.32,7
129,19/12/2020,Southampton,Man City,0,1.8,1,0.6,9,12.4,11,14.4,3,5.6,5,5.4,A,7,1.17,1.57,2.43,1
130,19/12/2020,Everton,Arsenal,2,1,1,0.5,9,10,13,10,2,3.75,2,2,H,2.45,1.69,1.84,1.98,3
131,19/12/2020,Newcastle,Fulham,1,1.25,1,0.75,12,10.75,11,10,5,4.25,4,3.25,D,2.5,1.67,2.14,1.72,2
132,20/12/2020,Brighton,Sheffield United,1,0.8,1,0.6,21,13.6,5,9.6,5,3.6,3,2.6,D,1.65,2.54,2.22,1.67,2
133,20/12/2020,Tottenham,Leicester,0,1.5,2,1.8,8,6.75,17,11.4,3,2.75,4,4.4,A,2.05,1.95,1.78,2.05,2
134,20/12/2020,Man United,Leeds,6,1.4,2,1.25,26,15.2,17,14.25,14,5.8,3,4,H,1.66,2.52,1.5,2.6,8
135,20/12/2020,West Brom,Aston Villa,0,0.5,3,2,1,9.75,19,15.75,1,3.25,10,6,A,3.6,1.38,1.75,2.1,3
136,21/12/2020,Burnley,Wolves,2,0.8,1,0.75,10,9.2,15,10.5,4,3,3,3.25,H,3.5,1.4,2.56,1.51,3
137,21/12/2020,Chelsea,West Ham,3,2.5,0,1,11,16.75,6,11,7,7.5,0,3.5,H,1.44,3.27,1.55,2.44,3
138,26/12/2020,Leicester,Man United,2,1.4,2,2.8,10,13,9,13.2,2,3.2,4,5.8,D,2.9,1.53,1.68,2.2,4
139,26/12/2020,Aston Villa,Crystal Palace,3,1.75,0,1.33,21,20.5,13,13.17,10,7.75,6,5.17,H,1.9,2.11,1.77,2.06,3
140,26/12/2020,Fulham,Southampton,0,1,0,1.6,10,12,3,8.4,1,4.17,2,2.8,D,3.2,1.45,1.96,1.85,0
141,26/12/2020,Arsenal,Chelsea,3,0.83,1,1.17,15,13.33,19,12.67,7,4.17,3,3.67,H,4,1.33,1.91,1.91,4
142,26/12/2020,Man City,Newcastle,2,2.2,0,1,11,15.8,7,8,6,5.4,2,3.4,H,1.11,10.09,1.36,3.14,2
143,26/12/2020,Sheffield United,Everton,0,0.6,1,1.33,10,8,7,10.17,2,3,3,4.67,A,4.2,1.31,1.95,1.87,1
144,27/12/2020,Leeds,Burnley,1,1.6,0,0.2,11,17,14,8.6,4,5.8,6,2.8,H,1.72,2.39,1.6,2.37,1
145,27/12/2020,West Ham,Brighton,2,1.33,2,1,11,11.17,13,9.4,4,3.83,4,3.4,D,2.3,1.77,1.94,1.88,4
146,27/12/2020,Liverpool,West Brom,1,2.33,1,0.67,17,15.83,5,8.17,2,7,3,2.17,D,1.11,10.09,1.36,3.13,2
147,27/12/2020,Wolves,Tottenham,1,1.17,1,0.83,11,15,6,10.17,6,5.67,3,3.33,D,3.6,1.38,2.2,1.68,2
148,28/12/2020,Crystal Palace,Leicester,1,1.2,1,1.67,4,9.4,17,12.33,1,3.6,3,4.17,D,3.75,1.36,1.88,1.94,2
149,28/12/2020,Chelsea,Aston Villa,1,2.2,1,1.8,16,16.6,10,14.6,5,7,2,5.2,D,1.61,2.64,1.55,2.45,2
150,29/12/2020,Brighton,Arsenal,0,0.67,1,0.6,13,13.5,11,10.2,2,3.33,3,2.2,A,3.25,1.44,2.04,1.79,1
151,29/12/2020,Burnley,Sheffield United,1,0.83,0,0.5,5,8.5,7,9.17,3,3,3,2.67,H,2.37,1.73,2.43,1.57,1
152,29/12/2020,Southampton,West Ham,0,1.5,0,0.8,8,11.67,8,10.4,3,5.17,3,3.4,D,2.1,1.91,1.9,1.92,0
153,29/12/2020,West Brom,Leeds,0,0.4,5,2,4,8.6,14,14.2,1,2.8,6,4.4,A,3.6,1.38,1.61,2.32,5
154,29/12/2020,Man United,Wolves,1,1.33,0,0.6,11,14.5,9,10.2,3,5.33,5,3.6,H,1.53,2.89,1.92,1.9,1
155,30/12/2020,Newcastle,Liverpool,0,1,0,2,8,10.2,11,10.6,2,3.8,4,4.6,D,12,1.09,1.5,2.6,0
156,01/01/2021,Everton,West Ham,0,0.8,1,0.83,10,10,11,10.5,2,3.4,5,3.67,A,2.1,1.91,1.96,1.86,1
157,01/01/2021,Man United,Aston Villa,2,1.43,1,1.67,19,15.14,5,13,9,5.86,5,5.17,H,1.72,2.39,1.54,2.48,3
158,02/01/2021,Tottenham,Leeds,3,1.8,0,1.67,20,9.4,18,14.83,7,3.6,5,4.5,H,1.75,2.33,1.44,2.79,3
159,02/01/2021,Crystal Palace,Sheffield United,2,1.33,0,0.43,9,9.33,7,8.86,4,3.67,2,2.57,H,1.95,2.05,2.25,1.65,2
160,02/01/2021,Brighton,Wolves,3,1,3,1,13,13.43,11,10.33,4,3.43,4,3.67,D,2.62,1.62,2.43,1.56,6
161,02/01/2021,West Brom,Arsenal,0,0.33,4,1.17,7,8.33,21,12,3,2.83,12,3.83,A,5.75,1.21,1.84,1.98,4
162,03/01/2021,Newcastle,Leicester,1,1,2,1.71,8,9.83,9,11.86,2,3.5,3,4,A,5.25,1.24,1.86,1.96,3
163,03/01/2021,Chelsea,Man City,1,2,3,1,9,15.33,18,15,2,6.17,6,5.5,A,3,1.5,1.72,2.12,4
164,04/01/2021,Southampton,Liverpool,1,1.43,0,1.67,7,11,17,11.67,3,4.86,1,4,H,5,1.25,1.63,2.29,1
165,12/01/2021,Sheffield United,Newcastle,1,0.67,0,0.83,17,9.5,7,7.83,4,3.17,3,3.33,H,2.45,1.69,2.5,1.54,1
166,12/01/2021,Burnley,Man United,0,0.71,1,2.5,11,8.86,13,13.17,0,2.57,7,6,A,7,1.17,1.71,2.17,1
167,12/01/2021,Wolves,Everton,1,1.14,2,1.43,12,14.57,5,9.43,3,5.29,3,4.43,A,2.45,1.69,2.39,1.59,3
168,13/01/2021,Man City,Brighton,1,2,0,0.83,16,15.83,5,8.67,6,5.5,1,3,H,1.14,8.14,1.48,2.64,1
169,13/01/2021,Tottenham,Fulham,1,1.67,1,0.8,15,10.33,15,11,6,4,4,3.4,D,1.36,3.78,1.68,2.21,2
170,14/01/2021,Arsenal,Crystal Palace,0,0.71,0,1.14,11,13,12,13,4,4.14,2,4.71,D,1.53,2.89,1.87,1.95,0
171,16/01/2021,Wolves,West Brom,2,1.25,3,1,23,15.62,12,8.71,6,5.38,5,2.57,A,1.6,2.67,2.28,1.64,5
172,16/01/2021,Leeds,Brighton,0,1.33,1,0.86,7,15.33,7,8.43,2,5.17,2,2.86,A,2.1,1.91,1.62,2.32,1
173,16/01/2021,West Ham,Burnley,1,1.29,0,0.17,15,11.71,10,8.83,4,3.86,2,2.67,H,1.8,2.25,2.1,1.74,1
174,16/01/2021,Fulham,Chelsea,0,0.86,1,1.14,10,11.71,21,13.86,3,4,6,4,A,6.5,1.18,1.77,2.07,1
175,16/01/2021,Leicester,Southampton,2,1.5,0,1.33,16,13.5,8,8.33,5,3.5,3,2.83,H,1.8,2.25,1.88,1.94,2
176,17/01/2021,Sheffield United,Tottenham,1,0.71,3,1.14,15,10.29,14,10.71,5,3.43,5,3.57,A,6.25,1.19,2.04,1.79,4
177,17/01/2021,Liverpool,Man United,0,2,0,2.14,17,16,8,12.43,3,6.43,4,5.71,D,1.95,2.05,1.68,2.21,0
178,17/01/2021,Man City,Crystal Palace,4,2.29,0,1,13,15.43,2,11.62,6,5.57,0,4.12,H,1.14,8.14,1.49,2.62,4
179,18/01/2021,Arsenal,Newcastle,3,1,0,0.71,20,13.88,4,7.29,6,4.38,1,3,H,1.4,3.5,1.79,2.05,3
180,19/01/2021,West Ham,West Brom,2,1.38,1,1,14,12,6,8.38,6,4.12,2,2.5,H,1.57,2.75,1.89,1.93,3
181,19/01/2021,Leicester,Chelsea,2,1.57,0,1,8,12.71,9,13.25,6,3.86,5,4.12,H,2.87,1.53,1.89,1.94,2
182,20/01/2021,Man City,Aston Villa,2,2.25,0,1.43,28,17,11,12.71,9,6,4,5,H,1.22,5.55,1.48,2.65,2
183,20/01/2021,Fulham,Man United,1,0.88,2,2.12,12,11.75,15,12.75,5,4.12,5,5.62,A,6,1.2,1.73,2.13,3
184,21/01/2021,Liverpool,Burnley,0,1.75,1,0.29,27,17.38,6,8.43,6,6.38,4,2.86,A,1.18,6.56,1.52,2.53,1
185,23/01/2021,Aston Villa,Newcastle,2,1.8,0,0.62,14,19.2,7,7.25,5,7.2,1,2.75,H,1.45,3.22,1.69,2.2,2
186,26/01/2021,Crystal Palace,West Ham,2,1.43,3,1.14,6,8.86,17,11.43,3,3.57,7,4.14,A,3.1,1.48,2.2,1.69,5
187,26/01/2021,Newcastle,Leeds,1,1,2,1.71,22,11.57,9,14,5,3.71,2,4.14,A,3.9,1.34,1.67,2.23,3
188,26/01/2021,Southampton,Arsenal,1,1.38,3,1.43,13,11.25,9,11.57,5,4.88,5,4,A,3.5,1.4,1.78,2.05,4
189,26/01/2021,West Brom,Man City,0,0.29,5,1.57,4,7.71,18,15.43,1,2.57,7,5.71,A,15,1.07,1.57,2.42,5
190,27/01/2021,Burnley,Aston Villa,3,1,2,1.5,10,9,18,13.38,5,2.88,10,5.62,H,3.8,1.36,1.9,1.92,5
191,27/01/2021,Chelsea,Wolves,0,1.71,0,0.86,14,15.14,4,9.43,5,6,0,3.14,D,1.6,2.67,1.94,1.89,0
192,27/01/2021,Brighton,Fulham,0,0.88,0,0.67,16,13.75,10,10.83,5,3.62,3,3.33,D,2.05,1.95,2.17,1.71,0
193,27/01/2021,Everton,Leicester,1,0.83,1,1.62,8,9.67,19,12.75,2,3.17,6,4.25,D,2.8,1.56,2.03,1.8,2
194,27/01/2021,Man United,Sheffield United,1,1.38,2,0.62,16,15.25,5,8.38,4,5.62,3,2.62,A,1.25,5,1.66,2.24,3
195,28/01/2021,Tottenham,Liverpool,1,1.57,3,1.86,3,9.29,14,12,2,3.71,7,4.43,A,3.2,1.45,1.8,2.04,4
196,30/01/2021,Everton,Newcastle,0,0.71,2,0.78,11,9.86,13,7.89,3,3.14,3,2.78,A,1.55,2.82,1.99,1.84,2
197,30/01/2021,Crystal Palace,Wolves,1,1.38,0,0.75,11,9.12,6,9,2,3.38,4,3.25,H,2.87,1.53,2.46,1.56,1
198,30/01/2021,Man City,Sheffield United,1,2.11,0,0.56,10,16.22,4,7.89,5,5.89,1,2.44,H,1.12,9.33,1.49,2.63,1
199,30/01/2021,West Brom,Fulham,2,0.5,2,0.86,5,7.38,12,11,3,2.62,7,3.86,D,3.3,1.43,2.18,1.7,4
200,30/01/2021,Arsenal,Man United,0,0.89,0,1.89,17,14.22,14,12.89,3,4.22,3,5.33,D,2.8,1.56,1.82,2.01,0
201,30/01/2021,Southampton,Aston Villa,0,1.22,1,1.44,20,12.22,8,12.78,5,4.89,4,5.44,A,2.8,1.56,1.7,2.18,1
202,31/01/2021,Chelsea,Burnley,2,1.75,0,0.25,19,15.62,1,7.5,8,6.25,0,2.5,H,1.33,4.03,1.74,2.11,2
203,31/01/2021,Leicester,Leeds,1,1.5,3,1.88,18,13.38,8,13.25,8,4.38,7,4.5,A,1.8,2.25,1.61,2.34,4
204,31/01/2021,West Ham,Liverpool,1,1.33,3,2,8,11.56,14,12.25,2,3.89,5,4.5,A,4.33,1.3,1.65,2.27,4
205,31/01/2021,Brighton,Tottenham,1,0.89,0,1,16,14,8,10.38,5,3.78,4,3.62,H,3.2,1.45,2.04,1.8,1
206,02/02/2021,Sheffield United,West Brom,2,0.88,1,1,14,10.75,8,8.33,6,3.75,4,2.67,H,2,2,2.28,1.64,3
207,02/02/2021,Wolves,Arsenal,2,1.33,1,1.38,11,15.11,9,11.25,7,5.56,3,3.88,H,3.6,1.38,2.27,1.64,3
208,02/02/2021,Man United,Southampton,9,2.22,0,1.14,24,16.22,3,7.57,14,6.56,1,2.57,H,1.4,3.5,1.58,2.42,9
209,02/02/2021,Newcastle,Crystal Palace,1,1,2,1.11,21,12.75,6,11,5,3.88,3,4,A,2.8,1.56,2.26,1.65,3
210,03/02/2021,Burnley,Man City,0,0.89,2,1.62,2,8.22,17,15.62,0,2.56,6,5.75,A,13,1.08,1.63,2.29,2
211,03/02/2021,Fulham,Leicester,0,0.78,2,1.67,8,11.33,9,12.33,1,3.78,5,4.33,A,4,1.33,2,1.83,2
212,03/02/2021,Leeds,Everton,1,1.29,2,1.5,16,15.43,10,9.5,7,5.43,6,4.62,A,2.5,1.67,1.65,2.26,3
213,03/02/2021,Aston Villa,West Ham,1,1.67,3,1.38,9,17.5,20,12.5,2,6.33,10,4.88,A,2.2,1.83,1.7,2.17,4
214,03/02/2021,Liverpool,Brighton,0,1.56,1,0.88,11,16.67,13,9,1,5.78,4,3,A,1.33,4.03,1.63,2.3,1
215,04/02/2021,Tottenham,Chelsea,0,1.38,1,1,7,9,18,13.78,2,3.5,2,3.89,A,3.5,1.4,1.96,1.86,1
216,06/02/2021,Aston Villa,Arsenal,1,1.57,0,1.22,12,16.71,14,11.56,8,6.57,3,3.78,H,2.62,1.62,1.69,2.19,1
217,06/02/2021,Burnley,Brighton,1,0.9,1,0.89,20,9.4,10,9.11,7,3,2,2.89,D,3.6,1.38,2.43,1.57,2
218,06/02/2021,Newcastle,Southampton,3,1.22,2,1.25,6,12,14,8.38,4,3.89,5,2.88,H,3,1.5,1.99,1.83,5
219,06/02/2021,Fulham,West Ham,0,0.7,0,1.22,20,12.2,8,12,2,3.6,1,4.44,D,3.6,1.38,1.99,1.83,0
220,06/02/2021,Man United,Everton,3,2.3,3,1.67,14,16,6,9.11,5,6.4,3,4.44,D,1.53,2.89,1.69,2.2,6
221,07/02/2021,Tottenham,West Brom,2,1.44,0,0.9,13,9.44,4,7.9,6,3.78,1,2.5,H,1.45,3.22,1.75,2.1,2
222,07/02/2021,Wolves,Leicester,0,1.2,0,1.5,13,14.9,13,12.4,1,5.1,3,4.2,D,3.5,1.4,2.22,1.67,0
223,07/02/2021,Liverpool,Man City,1,1.5,4,1.89,8,15.8,8,14.78,3,5.5,5,5.67,A,3.4,1.42,1.7,2.17,5
224,07/02/2021,Sheffield United,Chelsea,1,0.89,2,1.1,8,10.44,9,13.3,3,3.67,3,3.8,A,7,1.17,1.88,1.94,3
225,08/02/2021,Leeds,Crystal Palace,2,1.38,0,1,17,15.62,8,10.7,7,5.62,3,3.9,H,1.8,2.25,1.65,2.26,2
226,13/02/2021,Leicester,Liverpool,3,1.67,1,1.89,11,13.11,15,12.56,6,4.56,4,4.44,H,3.5,1.4,1.73,2.13,4
227,13/02/2021,Crystal Palace,Burnley,0,1.22,3,0.56,13,9.56,16,8.44,3,3.33,4,2.67,A,2.37,1.73,2.4,1.58,3
228,13/02/2021,Man City,Tottenham,3,2.2,0,0.89,15,16.1,7,10,6,5.9,3,3.56,H,1.28,4.57,1.62,2.33,3
229,13/02/2021,Brighton,Aston Villa,0,0.8,0,1.3,26,15.2,4,11.9,9,4.3,1,5,D,2.7,1.59,1.78,2.06,0
230,14/02/2021,Southampton,Wolves,1,1.2,2,0.89,7,11.7,10,9.11,3,4.7,4,3.33,A,2.37,1.73,2.29,1.63,3
231,14/02/2021,West Brom,Man United,1,0.56,1,1.8,7,7.33,10,12.6,3,2.67,7,5.5,D,10,1.11,1.54,2.48,2
232,14/02/2021,Arsenal,Leeds,4,1.2,2,1.89,13,14.1,9,12.78,5,4.3,5,4.56,H,1.83,2.2,1.59,2.38,6
233,14/02/2021,Everton,Fulham,0,0.62,2,1,7,9.5,12,11.12,2,3,3,3.75,A,1.85,2.18,1.99,1.84,2
234,15/02/2021,West Ham,Sheffield United,3,1.5,0,0.5,13,11.7,8,7.9,9,4.4,5,2.7,H,1.66,2.52,2.03,1.79,3
235,15/02/2021,Chelsea,Newcastle,2,1.78,0,0.7,18,15.89,10,8.1,5,6.11,4,2.9,H,1.22,5.55,1.6,2.36,2
236,17/02/2021,Burnley,Fulham,1,0.91,1,1,8,9.27,8,10.78,3,3,3,3.67,D,2.75,1.57,2.29,1.63,2
237,17/02/2021,Everton,Man City,1,0.67,3,2,3,8.78,16,14.9,2,2.89,7,5.8,A,8.5,1.13,1.64,2.27,4
238,19/02/2021,Wolves,Leeds,1,1.18,0,1.7,15,14.91,18,13.3,5,5.09,7,4.8,H,2.37,1.73,1.88,1.94,1
239,20/02/2021,Southampton,Chelsea,1,1.18,1,1.09,4,11,9,12.91,1,4.36,3,3.73,D,5,1.25,1.88,1.95,2
240,20/02/2021,Burnley,West Brom,0,0.83,0,0.82,6,9,10,8.09,1,2.83,3,2.55,D,2,2,2.2,1.68,0
241,20/02/2021,Liverpool,Everton,0,1.36,2,1.7,15,15.73,9,9.1,6,5.55,6,4.6,A,1.44,3.27,1.6,2.36,2
242,20/02/2021,Fulham,Sheffield United,1,0.73,0,0.45,15,12.45,4,7.55,7,3.91,2,2.64,H,2.15,1.87,2.36,1.6,1
243,21/02/2021,West Ham,Tottenham,2,1.55,1,0.9,4,11,20,11,4,4.36,4,3.6,H,2.62,1.62,1.98,1.84,3
244,21/02/2021,Aston Villa,Leicester,1,1.5,2,1.55,11,16,16,12.73,2,6,7,4.45,A,2.87,1.53,1.76,2.07,3
245,21/02/2021,Arsenal,Man City,0,1.09,1,1.91,7,13.45,15,14.91,1,4,3,5.55,A,6.5,1.18,1.76,2.08,1
246,21/02/2021,Man United,Newcastle,3,2.36,1,0.73,15,15.91,10,8.27,7,6.45,6,3.18,H,1.28,4.57,1.56,2.43,4
247,22/02/2021,Brighton,Crystal Palace,1,0.82,2,1.09,25,16.09,3,10,5,4.36,2,3.73,A,1.7,2.43,2.21,1.67,3
248,23/02/2021,Leeds,Southampton,3,1.56,0,1.11,11,15.11,13,8.89,7,5.78,5,3.11,H,2.25,1.8,1.66,2.24,3
249,27/02/2021,Man City,West Ham,2,2.18,1,1.2,10,15.55,9,11.7,3,5.64,3,4.3,H,1.22,5.55,1.53,2.51,3
250,27/02/2021,West Brom,Brighton,1,0.6,0,0.8,6,7.2,15,9.7,2,2.6,6,3.2,H,4.2,1.31,2.14,1.72,1
251,27/02/2021,Leeds,Aston Villa,0,1.4,1,1.27,13,14.9,9,11.64,3,5.5,4,4.91,A,2.15,1.87,1.61,2.34,1
252,27/02/2021,Newcastle,Wolves,1,1.2,1,0.9,19,12.7,14,9.6,7,4.2,4,3.4,D,3.5,1.4,2.35,1.6,2
253,28/02/2021,Crystal Palace,Fulham,0,1.1,0,0.9,3,8.9,16,11.3,0,3,4,3.7,D,3.5,1.4,2.34,1.6,0
254,28/02/2021,Leicester,Arsenal,1,1.6,3,1.4,8,12.6,12,11.6,3,4.4,4,3.8,A,2.5,1.67,1.97,1.86,4
255,28/02/2021,Tottenham,Burnley,4,1.7,0,0.5,16,10.1,10,8.6,7,4.1,3,2.7,H,1.53,2.89,1.87,1.96,4
256,28/02/2021,Chelsea,Man United,0,1.6,0,1.64,18,16.1,11,12.45,6,6.1,4,5.36,D,2.15,1.87,1.93,1.89,0
257,28/02/2021,Sheffield United,Liverpool,0,0.8,2,1.9,8,10.2,16,12.9,2,3.5,8,4.8,A,8,1.14,1.66,2.24,2
258,01/03/2021,Everton,Southampton,1,0.7,0,1,7,8.6,9,8.9,1,2.7,1,2.9,H,2.15,1.87,1.96,1.86,1
259,02/03/2021,Man City,Wolves,4,2.33,1,0.91,22,16.08,6,9.27,10,6,1,3.18,H,1.18,6.56,1.72,2.14,5
260,03/03/2021,Burnley,Leicester,1,0.85,1,1.5,12,9.23,15,12.92,7,3.15,4,4.42,D,4,1.33,2.1,1.75,2
261,03/03/2021,Sheffield United,Aston Villa,1,0.82,0,1.17,9,10.09,16,12,2,3.36,4,4.83,H,3.75,1.36,2.16,1.71,1
262,03/03/2021,Crystal Palace,Man United,0,1,0,1.5,8,8.82,11,12.33,2,2.91,1,5,D,8,1.14,1.77,2.07,0
263,04/03/2021,Fulham,Tottenham,0,0.67,1,0.91,11,12.33,9,10.82,3,3.83,2,3.45,A,4,1.33,2.01,1.81,1
264,04/03/2021,West Brom,Everton,0,0.55,1,1.64,11,7.55,11,9.27,3,2.64,3,4.45,A,4.33,1.3,1.95,1.87,1
265,04/03/2021,Liverpool,Chelsea,0,1.25,1,1.08,7,15,11,12.75,1,5.17,5,3.83,A,2.25,1.8,1.78,2.05,1
266,06/03/2021,Burnley,Arsenal,1,0.86,1,1.36,9,9.21,15,11.91,5,3.29,3,3.73,D,5.5,1.22,1.93,1.9,2
267,06/03/2021,Sheffield United,Southampton,0,0.75,2,1.09,8,9.92,15,9.45,2,3.25,5,3.09,A,3.6,1.38,2.23,1.66,2
268,06/03/2021,Aston Villa,Wolves,0,1.33,0,0.83,9,15.22,10,9.33,1,5.44,2,3.08,D,2.37,1.73,2.13,1.73,0
269,06/03/2021,Brighton,Leicester,1,0.83,2,1.54,7,15.33,8,12.54,2,4.17,4,4.38,A,2.55,1.65,2.2,1.68,3
270,07/03/2021,West Brom,Newcastle,0,0.5,0,0.67,13,8,9,8.33,3,2.67,5,3.33,D,2.37,1.73,2.25,1.65,0
271,07/03/2021,Liverpool,Fulham,0,1.15,1,0.91,16,15.08,10,11.18,3,5,3,3.64,A,1.36,3.78,1.69,2.18,1
272,07/03/2021,Man City,Man United,0,2.15,2,1.54,23,16.62,8,12,6,6,6,5.08,A,1.45,3.22,1.72,2.14,2
273,07/03/2021,Tottenham,Crystal Palace,4,1.91,1,1.08,12,10.27,5,9.58,5,4.18,1,3.5,H,1.45,3.22,1.84,1.98,5
274,08/03/2021,Chelsea,Everton,2,1.64,0,1.5,19,16.36,7,9.08,9,6.36,1,4.17,H,1.53,2.89,1.93,1.89,2
275,08/03/2021,West Ham,Leeds,2,1.58,0,1.55,16,11.42,17,13.64,5,4.42,2,4.55,H,2.05,1.95,1.66,2.24,2
276,10/03/2021,Man City,Southampton,5,2.36,2,1.17,17,16.64,11,9.58,10,6.29,6,3.33,H,1.18,6.56,1.51,2.59,7
277,12/03/2021,Newcastle,Aston Villa,1,1.18,1,1.15,12,12.64,15,12.23,3,4.09,6,4.92,D,3.8,1.36,2.26,1.65,2
278,13/03/2021,Leeds,Chelsea,0,1.27,0,1,7,14.18,15,12.92,4,5.36,8,4.15,D,4.75,1.27,1.77,2.07,0
279,13/03/2021,Crystal Palace,West Brom,1,1,0,0.75,6,8.58,12,8.42,4,3,1,2.42,H,2.15,1.87,2.37,1.6,1
280,13/03/2021,Everton,Burnley,1,0.73,2,0.64,14,9.09,14,9.09,4,2.82,5,2.91,A,1.83,2.2,2.09,1.76,3
281,13/03/2021,Fulham,Man City,0,0.62,3,2,3,11.62,8,14.33,0,3.54,7,5.67,A,10,1.11,1.78,2.06,3
282,14/03/2021,Southampton,Brighton,1,1.17,2,0.91,9,10.83,8,9.55,4,4.33,6,3.45,A,2.9,1.53,2.34,1.61,3
283,14/03/2021,Leicester,Sheffield United,5,1.91,0,0.42,19,13.18,1,7,10,4.91,0,2.42,H,1.5,3,2.01,1.82,5
284,14/03/2021,Arsenal,Tottenham,2,1.17,1,0.92,13,13.42,6,10.42,3,3.92,3,3.42,H,2.55,1.65,1.91,1.92,3
285,14/03/2021,Man United,West Ham,1,2.25,0,1.09,15,15.83,7,11.27,4,6.25,0,3.91,H,1.83,2.2,1.89,1.94,1
286,15/03/2021,Wolves,Liverpool,0,1.08,1,1.82,10,14.5,12,12.82,5,5.08,4,4.73,A,4.75,1.27,1.96,1.86,1
287,19/03/2021,Fulham,Leeds,1,0.64,2,1.58,13,11.71,13,13.58,6,3.71,4,4.5,A,2.37,1.73,2.05,1.79,3
288,20/03/2021,Brighton,Newcastle,3,1,0,0.62,11,15,3,7.92,6,4.31,1,3.15,H,1.66,2.52,2.26,1.65,3
289,21/03/2021,West Ham,Arsenal,3,1.69,3,1.5,15,11.69,16,12.25,5,4.46,7,4,D,2.8,1.56,1.95,1.87,6
290,21/03/2021,Aston Villa,Tottenham,0,1.2,2,1,8,14.5,9,10.31,1,5,3,3.38,A,2.9,1.53,1.85,1.97,2
291,03/04/2021,Chelsea,West Brom,2,1.67,5,1.08,18,16.5,14,8.85,8,6.5,7,2.77,A,1.22,5.55,1.73,2.12,7
292,03/04/2021,Leeds,Sheffield United,2,1.33,1,0.46,23,14.92,9,7.15,8,5.58,1,2.31,H,1.5,3,1.81,2.02,3
293,03/04/2021,Leicester,Man City,0,1.75,2,2,5,12.5,11,14.08,2,4.67,4,5.54,A,6,1.2,1.91,1.92,2
294,03/04/2021,Arsenal,Liverpool,0,1.08,3,1.92,3,12.62,16,13.08,2,3.77,7,4.92,A,3.1,1.48,1.78,2.06,3
295,04/04/2021,Southampton,Burnley,3,1.31,2,0.75,24,11.85,7,8.92,9,4.69,5,3.08,H,2.05,1.95,2.14,1.71,5
296,04/04/2021,Newcastle,Tottenham,2,1.25,2,1.07,22,13.42,11,10.36,6,4.25,5,3.5,D,5.5,1.22,1.88,1.94,4
297,04/04/2021,Aston Villa,Fulham,3,1.36,1,0.92,14,14.45,15,11.5,4,4.91,7,3.92,H,2.25,1.8,2.2,1.68,4
298,04/04/2021,Man United,Brighton,2,2.23,1,0.92,15,15.77,5,9.17,7,6.31,3,3.42,H,1.61,2.64,1.92,1.9,3
299,05/04/2021,Everton,Crystal Palace,1,0.75,1,1.08,15,9.58,13,9.85,7,3.17,6,3.69,D,1.75,2.33,2.31,1.62,2
300,05/04/2021,Wolves,West Ham,2,1.15,3,1.25,20,14.92,9,11.08,5,5.08,6,4.08,A,2.87,1.53,2.4,1.58,5
301,09/04/2021,Fulham,Wolves,0,0.6,1,0.85,14,11.87,7,9.15,3,3.67,3,3.08,A,2.5,1.67,2.61,1.5,1
302,10/04/2021,Man City,Leeds,1,2.27,2,1.62,29,17.47,2,12.69,7,6.33,2,4.31,A,1.28,4.57,1.47,2.69,3
303,10/04/2021,Liverpool,Aston Villa,2,1.21,1,1.14,23,15.64,9,12,10,5.36,5,4.93,H,1.5,3,1.62,2.33,3
304,10/04/2021,Crystal Palace,Chelsea,1,1,4,1.21,1,8,23,13.64,1,2.85,10,4.57,A,7,1.17,2.08,1.76,5
305,11/04/2021,Burnley,Newcastle,1,0.87,2,0.71,24,10.2,10,8.07,4,3.33,5,3.29,A,2.3,1.77,2.39,1.59,3
306,11/04/2021,West Ham,Leicester,3,1.79,2,1.57,4,11.14,15,12.71,4,4.43,5,4.43,H,3,1.5,1.96,1.87,5
307,11/04/2021,Tottenham,Man United,1,1.83,3,1.64,12,10.42,12,12,3,4.08,7,5.21,A,2.87,1.53,1.86,1.96,4
308,11/04/2021,Sheffield United,Arsenal,0,0.69,3,1.62,7,9.69,14,12.38,2,3.15,5,4.08,A,6.5,1.18,2.01,1.82,3
309,12/04/2021,West Brom,Southampton,3,0.69,0,1.08,15,8.54,14,9.92,6,2.92,4,3.38,H,3.6,1.38,2.03,1.8,3
310,12/04/2021,Brighton,Everton,0,0.93,0,1.38,23,15.57,8,9,3,4.21,1,3.92,D,2.25,1.8,2.21,1.68,0
311,16/04/2021,Everton,Tottenham,2,0.85,2,1.13,18,10.23,12,10.47,7,3.46,3,3.47,D,3.4,1.42,1.87,1.96,4
312,17/04/2021,Newcastle,West Ham,3,1.38,2,1.31,16,13.62,16,11.46,8,4.54,6,4.23,H,3.5,1.4,1.89,1.94,5
313,17/04/2021,Wolves,Sheffield United,1,1.14,0,0.43,10,14.57,8,7.21,5,5.07,2,2.29,H,1.66,2.52,2.33,1.61,1
314,18/04/2021,Arsenal,Fulham,1,1.07,1,0.92,18,13,3,10.85,5,3.86,1,3.69,D,1.7,2.43,2.04,1.79,2
315,18/04/2021,Man United,Burnley,3,2.29,1,0.77,17,15.86,10,9,9,6.5,3,3.08,H,1.33,4.03,1.76,2.09,4
316,19/04/2021,Leeds,Liverpool,1,1.31,1,1.85,12,14.69,17,13.38,5,5.54,7,5.08,D,4.5,1.29,1.52,2.53,2
317,20/04/2021,Chelsea,Brighton,0,1.54,0,0.85,7,15.77,11,9.31,4,6.31,2,3.31,D,1.57,2.75,2.16,1.71,0
318,21/04/2021,Tottenham,Southampton,2,1.85,1,1.07,12,10.54,10,9.93,3,4,5,3.5,H,1.75,2.33,1.75,2.1,3
319,21/04/2021,Aston Villa,Man City,1,1.33,2,2,8,13.92,13,14,3,4.75,3,5.36,A,9,1.12,1.68,2.21,3
320,22/04/2021,Leicester,West Brom,3,1.85,0,1,17,12.85,4,8.5,7,4.85,1,2.64,H,1.53,2.89,1.93,1.9,3
321,23/04/2021,Arsenal,Everton,0,1,1,1.36,14,13.07,8,8.93,3,3.8,1,3.71,A,2,2,2,1.84,1
322,24/04/2021,Liverpool,Newcastle,1,1.2,1,0.73,22,16.07,7,8,9,5.6,4,3.33,D,1.22,5.55,1.54,2.5,2
323,24/04/2021,West Ham,Chelsea,0,1.67,1,1.2,9,11,17,13.87,2,4.27,6,4.67,A,4.75,1.27,2,1.84,1
324,24/04/2021,Sheffield United,Brighton,1,0.71,0,0.79,7,9.5,17,9.86,3,3.14,4,3.36,H,5.25,1.24,2.35,1.6,1
325,25/04/2021,Wolves,Burnley,0,1.07,4,1,12,14.4,14,9.36,2,4.87,7,3.36,A,2,2,2.31,1.62,4
326,25/04/2021,Leeds,Man United,0,1.21,0,1.53,6,14.07,16,12.27,3,5.36,4,5.13,D,4,1.33,1.59,2.4,0
327,25/04/2021,Aston Villa,West Brom,2,1.38,2,1.07,24,14.69,10,8.6,11,5.23,4,2.73,D,1.85,2.18,1.94,1.88,4
328,26/04/2021,Leicester,Crystal Palace,2,1.86,1,1.07,13,12.86,4,9.43,5,4.86,2,3.57,H,1.4,3.5,2.04,1.79,3
329,30/04/2021,Southampton,Leicester,1,1.29,1,1.53,5,11.36,23,13.4,3,4.57,9,4.73,D,3.8,1.36,1.86,1.97,2
330,01/05/2021,Crystal Palace,Man City,0,0.93,2,2,9,8.07,20,14.4,4,2.93,3,5.2,A,10,1.11,1.72,2.15,2
331,01/05/2021,Brighton,Leeds,2,1,0,1.5,17,15.67,11,12.57,5,4.27,2,4.14,H,2.05,1.95,1.91,1.92,2
332,01/05/2021,Chelsea,Fulham,2,1.57,0,0.86,9,15.29,10,10.79,5,6.21,3,3.64,H,1.44,3.27,2.03,1.8,2
333,01/05/2021,Everton,Aston Villa,1,0.86,2,1.2,16,10.64,13,12.07,3,3.43,5,4.93,A,1.95,2.05,1.91,1.92,3
334,02/05/2021,Newcastle,Arsenal,0,1.29,2,1.64,5,13,19,12.86,1,4.29,5,4.14,A,3.6,1.38,1.78,2.06,2
335,02/05/2021,Tottenham,Sheffield United,4,2,0,0.4,20,11.21,8,7.27,11,4.5,1,2.2,H,1.25,5,1.69,2.19,4
336,03/05/2021,West Brom,Wolves,1,0.71,1,0.86,10,8.64,20,9.93,4,3,10,3.57,D,2.9,1.53,2.2,1.69,2
337,03/05/2021,Burnley,West Ham,1,0.88,2,1.36,8,10.06,22,12.21,3,3.31,4,4.21,A,3.1,1.48,1.9,1.92,3
338,07/05/2021,Leicester,Newcastle,2,1.87,4,0.94,25,13.67,14,8.38,9,5.13,6,3.5,A,1.4,3.5,1.73,2.13,6
339,08/05/2021,Leeds,Tottenham,3,1.33,1,1.12,16,14.2,11,10.5,7,5.47,3,3.44,H,3.4,1.42,1.64,2.29,4
340,08/05/2021,Sheffield United,Crystal Palace,0,0.67,2,1.13,7,9.33,21,10.2,0,2.93,8,3.87,A,3,1.5,2.29,1.63,2
341,08/05/2021,Man City,Chelsea,1,2.19,2,1.25,16,17.38,12,13.75,4,6.19,5,4.69,A,1.9,2.11,2.22,1.68,3
342,08/05/2021,Liverpool,Southampton,2,1.25,0,1,14,15.94,12,10.07,6,5.62,6,3.67,H,1.25,5,1.47,2.69,2
343,09/05/2021,Wolves,Brighton,2,1.12,1,0.8,16,14.5,5,9.53,6,4.94,3,3.33,H,3.3,1.43,2.34,1.61,3
344,09/05/2021,Aston Villa,Man United,1,1.36,3,1.62,11,14.43,18,12.62,5,5.21,7,5.25,A,4.2,1.31,1.73,2.13,4
345,09/05/2021,West Ham,Everton,0,1.56,1,1.33,11,11,9,8.93,0,4,3,3.67,A,2.2,1.83,1.9,1.92,1
346,09/05/2021,Arsenal,West Brom,3,1.12,1,1.06,15,13.19,12,8.81,7,4,1,2.62,H,1.44,3.27,1.76,2.09,4
347,10/05/2021,Fulham,Burnley,0,0.56,2,1.07,21,12.44,14,9.67,3,3.62,5,3.47,A,2.2,1.83,2.04,1.79,2
348,11/05/2021,Man United,Leicester,1,2.2,2,1.56,4,15.07,12,13.31,1,6.13,3,4.62,A,2.5,1.67,1.95,1.88,3
349,11/05/2021,Southampton,Crystal Palace,3,1.4,1,1.12,13,11.47,11,10.25,6,4.67,4,3.88,H,2.05,1.95,1.93,1.91,4
350,12/05/2021,Chelsea,Arsenal,0,1.47,1,1.6,19,15.53,5,12.33,5,6.13,2,4,A,1.65,2.54,2.04,1.8,1
351,13/05/2021,Aston Villa,Everton,0,1.27,0,1.25,13,14.33,15,9.31,2,5,5,3.75,D,2.7,1.59,1.84,2,0
352,13/05/2021,Man United,Liverpool,2,2.19,4,2,18,15.25,17,13.64,3,5.94,8,5.29,A,3,1.5,1.69,2.19,6
353,14/05/2021,Newcastle,Man City,3,1.4,4,2.12,11,12.87,15,14.44,5,4.33,6,5.25,A,11,1.1,1.54,2.51,7
354,15/05/2021,Burnley,Leeds,0,0.82,4,1.67,16,10.41,16,12.8,4,3.35,6,4.27,A,3.2,1.45,1.67,2.24,4
355,15/05/2021,Southampton,Fulham,3,1.5,1,0.87,11,11.44,10,10.73,7,4.81,3,3.6,H,2,2,1.97,1.86,4
356,15/05/2021,Brighton,West Ham,1,1,1,1.33,10,15.31,15,12.4,2,4.12,3,4.13,D,2.9,1.53,2.02,1.81,2
357,16/05/2021,Crystal Palace,Aston Villa,3,1.07,2,1.25,23,9.07,19,12.5,8,3.27,5,4.94,H,3,1.5,1.94,1.89,5
358,16/05/2021,Tottenham,Wolves,2,2,0,0.8,24,12.07,15,10.27,13,5.07,3,3.53,H,1.5,3,1.85,1.98,2
359,16/05/2021,West Brom,Liverpool,1,0.73,2,2,10,8.73,26,14.47,3,3,6,5.33,A,12,1.09,1.43,2.83,3
360,16/05/2021,Everton,Sheffield United,0,0.8,1,0.44,16,11,10,7.44,6,3.6,3,2.25,A,1.36,3.78,1.84,1.98,1
361,18/05/2021,Man United,Fulham,1,2.12,1,0.88,13,15.12,8,10.56,6,5.94,5,3.69,D,1.28,4.57,1.59,2.41,2
362,18/05/2021,Southampton,Leeds,0,1.41,2,1.69,18,11.82,15,12.94,3,4.71,7,4.44,A,2.55,1.65,1.5,2.6,2
363,18/05/2021,Brighton,Man City,3,1.12,2,2.12,19,15.53,8,14.06,6,4.24,4,5.18,H,7,1.17,1.78,2.07,5
364,18/05/2021,Chelsea,Leicester,2,1.5,1,1.53,17,15.62,7,12.94,6,6.12,3,4.53,H,1.7,2.43,2.14,1.73,3
365,19/05/2021,Everton,Wolves,1,0.81,0,0.75,14,11.19,9,10.19,4,3.62,3,3.5,H,1.85,2.18,2.1,1.76,1
366,19/05/2021,Newcastle,Sheffield United,1,1.38,0,0.41,16,13.06,11,7.65,5,4.38,1,2.18,H,1.72,2.39,1.81,2.03,1
367,19/05/2021,Tottenham,Aston Villa,1,1.94,2,1.29,10,11.94,20,12.94,4,5,4,4.88,A,1.5,3,1.54,2.51,3
368,19/05/2021,Crystal Palace,Arsenal,1,1.06,3,1.69,12,9.25,6,11.94,6,3.44,3,3.94,A,6,1.2,1.74,2.13,4
369,19/05/2021,Burnley,Liverpool,0,0.78,3,2.06,10,10.39,20,14.81,4,3.39,3,5.19,A,11,1.1,1.35,3.23,3
370,19/05/2021,West Brom,West Ham,1,0.75,3,1.44,14,9.06,21,12.94,4,3.06,9,4.44,A,5,1.25,1.62,2.33,4
371,23/05/2021,Arsenal,Brighton,2,1.18,0,0.75,16,13.35,5,9.25,5,4.06,1,3.19,H,1.57,2.75,1.71,2.17,2
372,23/05/2021,Aston Villa,Chelsea,2,1.31,1,1.24,6,13.81,23,14.29,3,4.88,7,4.82,H,6.5,1.18,1.68,2.22,3
373,23/05/2021,Fulham,Newcastle,0,0.53,2,1,14,12.53,10,8.47,0,3.41,4,3.53,A,2.05,1.95,1.65,2.27,2
374,23/05/2021,Leeds,West Brom,3,1.44,1,1.06,17,14.38,14,9.12,9,5.69,5,2.76,H,1.4,3.5,1.41,2.91,4
375,23/05/2021,Leicester,Tottenham,2,1.88,4,1.29,10,13.44,11,10.53,6,5.19,4,3.47,A,2,2,1.6,2.37,6
376,23/05/2021,Liverpool,Crystal Palace,2,1.29,0,1.06,19,16.12,5,9.94,5,5.59,4,3.88,H,1.14,8.14,1.37,3.1,2
377,23/05/2021,Man City,Everton,5,2.35,0,1.18,21,17.59,8,9.24,11,6.47,3,3.71,H,1.44,3.27,1.62,2.31,5
378,23/05/2021,Sheffield United,Burnley,1,0.69,0,1,12,9.5,10,9.69,3,2.94,3,3.44,H,2.8,1.56,1.74,2.12,1
379,23/05/2021,West Ham,Southampton,3,1.65,0,0.94,14,11.18,17,10.5,7,4.18,5,3.75,H,1.65,2.54,1.63,2.31,3
380,23/05/2021,Wolves,Man United,1,1.12,2,1.65,14,14.47,9,12.41,4,4.88,4,5.18,A,2.5,1.67,1.74,2.13,3
